date,name,position,team,opp,evG/60,evA/60,evSH/60,evBkS/60,evixG/60,mean_TOI,lmevixG/60,pplmevixG/60,implied_team_score,ppg_projection,salary,proj_FP/60,proj_FP,proj_value
21_03_16,Nathan MacKinnon,C,COL,ANA,0.602167804094741,2.04737053392212,10.2368526696106,0.8430349257326374,1.0718586912886392,20.46166666666666,0.7662256214067823,0.8532083852856814,3.4,17.6,8600,49.99322305512754,17.049077762438902,1.9824509026091746
21_03_16,Gabriel Landeskog,W,COL,ANA,0.7487520798668934,1.6222961730449357,8.111480865224676,2.24625623960068,0.8598169717138158,20.38999999999989,0.872246481194194,0.9238889584772892,3.4,14.1,6400,46.20681655567714,15.702616492837532,2.4535338270058644
21_03_16,Mikko Rantanen,W,COL,ANA,1.1508951406649697,1.4066496163682964,8.312020460358115,1.662404092071623,0.6726342710997488,19.77944444444433,0.9658378315012276,0.9862831920153114,3.4,16.9,8100,46.3225316094449,15.270565674917197,1.8852550215947157
21_03_16,David Pastrnak,W,BOS,PIT,1.6394064741376155,2.049258092672019,13.251868999279058,1.6394064741376155,0.9071382490228138,17.979999999999897,0.7141505206220593,0.5814815997410505,2.7,18.8,8400,50.31596370412364,15.07801712333563,1.7950020384923369
21_03_16,Bryan Rust,W,PIT,BOS,0.8762474355853833,1.1266038457526355,9.13800897110471,1.5021384610035142,1.095309294481729,19.65055555555553,0.8014229272561235,0.6674722286138528,2.8,11.7,5500,43.26628693557938,14.17010958517015,2.576383560940027
21_03_16,Alex Ovechkin,W,WSH,NYI,1.5086959558566688,0.88007264091639,10.183697702032514,2.3887685967730587,0.8737864077669873,19.82555555555562,0.5552622366732434,0.6049842992171091,2.7,16.7,8000,42.27330824215418,13.968197017865917,1.7460246272332396
21_03_16,Patrice Bergeron,C,BOS,PIT,0.778849898316817,1.4019298169702703,10.280818657781984,3.271169572930631,0.6651378131625617,17.753888888888934,0.8351507385521854,0.6621484116944679,2.7,14.4,7500,44.67126459231998,13.218144468303455,1.7624192624404607
21_03_16,Nazem Kadri,C,COL,ANA,0.9171195652173928,1.375679347826089,9.01834239130436,1.375679347826089,1.0271739130434798,17.032222222222206,0.6239141677077078,0.8681033113674013,3.4,11.8,6400,46.290969890768146,13.140634767696005,2.053224182452501
21_03_16,Jake Guentzel,W,PIT,BOS,1.0677212061295125,1.42362827483935,7.118141374196751,1.8981710331191333,0.8304498269896211,20.23555555555553,0.9338526610021776,0.7557587177778888,2.8,13.7,7400,38.85372624367743,13.103778932404675,1.7707809368114424
21_03_16,Sidney Crosby,C,PIT,BOS,1.0981934040606054,1.34223638274074,6.955224892383835,2.0743653187811435,0.7723960275226259,20.15333333333332,0.962879560735675,0.7751099842668872,2.8,13.9,8100,38.66263046885959,12.98634798970694,1.6032528382354247
21_03_16,Sebastian Aho,C,CAR,DET,0.8136819106456685,1.491750169517059,6.2382279816167925,2.169818428388449,0.729601446545616,19.36166666666672,0.860158129704914,0.909099842955072,3.3,15.9,7300,39.908234979998745,12.878165715629077,1.7641322898122023
21_03_16,Dougie Hamilton,D,CAR,DET,0.2279130131999609,0.683739039599883,7.635085942198693,3.9884777309993167,0.3224969136779447,22.32388888888897,0.244761480160499,0.864225243852708,3.3,16.1,6100,34.51232873651199,12.840823200178392,2.105052983635802
21_03_16,Andrei Svechnikov,W,CAR,DET,0.6913504378552777,1.1061607005684444,8.98755569211861,0.8296205254263334,1.067445076048549,17.507222222222218,0.4793325166381585,0.7964852997874278,3.3,14.1,6000,43.62916588265125,12.73042504129619,2.1217375068826985
21_03_16,Mathew Barzal,C,NYI,WSH,0.9566834972096718,1.4350252458145076,8.490566037735837,0.7175126229072538,0.8119851182567088,19.661111111111136,0.7111636056290878,0.670669240053633,2.8,11.7,6800,38.493188850201946,12.613647716746748,1.8549481936392276
21_03_16,Kevin Fiala,W,MIN,ARI,1.1672205560509104,1.3131231255572742,9.775472156926376,1.3131231255572742,0.9935964983383372,17.077777777777705,0.5211745860728356,0.5544652500674124,3.2,11.7,5800,42.77690683872023,12.17557515020606,2.099237094863114
21_03_16,Kris Letang,D,PIT,BOS,0.5156854318865512,1.0313708637731025,5.9819510098839945,3.609798023205858,0.3155994843145694,24.48277777777771,0.1678829906428852,0.7744314950808219,2.8,12.0,6000,29.479158953501976,12.028861628906249,2.004810271484375
21_03_16,Brayden Point,C,TBL,DAL,1.08368452739314,1.2191450933172825,7.58579169175198,1.6255267910897098,0.7788982540638194,18.52222222222218,0.6773276386749045,0.780227209200286,3.0,14.6,7400,38.81397225825673,11.982016991576634,1.6191914853481937
21_03_16,Alex Killorn,W,TBL,DAL,0.7500937617202149,1.200150018752344,7.200900112514065,0.7500937617202149,0.7305913239154894,18.79277777777777,0.8348423732317601,0.7963295192497292,3.0,9.2,5100,38.07437004364831,11.925386254319358,2.3383110302586974
21_03_16,Victor Hedman,D,TBL,DAL,0.5269937931842124,0.6323925518210548,5.58613420775265,4.005152828200014,0.265604871764843,24.71611111111116,0.1870016912297654,0.7798949704161693,3.0,14.0,7000,28.659601359999144,11.805898193564856,1.6865568847949792
21_03_16,Nino Niederreiter,W,CAR,DET,1.4993752603082149,0.7496876301541074,9.446064139941756,1.199500208246572,1.1380258225739353,15.138888888888792,0.6559459416907544,0.7729583842789657,3.3,10.5,5200,46.610339453565224,11.760479167681892,2.2616306091695946
21_03_16,Ondrej Palat,W,TBL,DAL,0.7280080889787681,1.0192113245702754,7.862487360970696,3.640040444893841,0.7425682507583435,17.031111111111077,0.6954926403276425,0.7923372103021112,3.0,5.4,6400,41.39573281304304,11.750255417746711,1.8359774090229235
21_03_16,Jordan Eberle,W,NYI,WSH,1.2088650100738696,1.0745466756212176,8.462055070517088,1.477501678979174,0.8462055070517088,17.463888888888953,0.6940534112315877,0.7088083363474356,2.8,9.8,6300,39.625589689003256,11.533614924757611,1.8307325277393032
21_03_16,Dylan Larkin,C,DET,CAR,0.9171390357302112,0.9171390357302112,9.171390357302114,1.1464237946627642,0.6546079867524384,20.8605555555555,0.5329541321284605,0.4772247718095291,2.2,11.6,6200,33.15096636103604,11.525792924912398,1.8589988588568385
21_03_16,Steven Stamkos,W,TBL,DAL,1.1547714514835603,1.7321571772253408,6.784282277465918,1.1547714514835603,0.8675220529270249,18.39222222222223,0.7663770087259925,0.7506859429125509,3.0,14.1,7800,37.30015735480357,11.433879716556735,1.4658820149431713
21_03_16,Matt Dumba,D,MIN,ARI,0.5644402634054563,0.4515522107243649,5.757290686735654,4.176857949200377,0.3330197554092192,22.28166666666667,0.1819227161315716,0.7441044890404559,3.2,11.0,4700,30.530260485250974,11.337751456314454,2.412287543896692
21_03_16,John Carlson,D,WSH,NYI,0.3159650098007667,1.3691817091366556,5.898013516280979,3.264971767941256,0.3149117931014307,23.95555555555556,0.1069214876033055,0.6721848263545787,2.7,13.2,6600,28.361304283017,11.323513339663826,1.7156838393430038
21_03_16,Rickard Rakell,W,ANA,COL,0.7349188527100146,1.2248647545166909,9.55394508523019,1.1023782790650218,0.9149739716239682,18.564999999999973,0.5984123763912756,0.5439750444759553,2.1,5.0,6000,36.40986129884612,11.26581791688462,1.87763631948077
21_03_16,Charlie McAvoy,D,BOS,PIT,0.4088934321492447,1.022233580373112,5.520061334014804,4.497827753641692,0.3352926143623806,23.99888888888897,0.1980368892244635,0.6403102771610313,2.7,13.0,5300,27.89141568849472,11.15604976769999,2.1049150505094323
21_03_16,Jared Spurgeon,D,MIN,ARI,0.1194743130226996,0.5973715651134982,5.017921146953385,4.301075268817187,0.3894862604540007,22.19222222222229,0.137099333544906,0.7008423328243873,3.2,11.0,4200,30.015903433931662,11.10199332010961,2.6433317428832406
21_03_16,Zach Parise,W,MIN,ARI,0.7941760423560577,1.2706816677696922,7.624090006618153,2.3825281270681726,0.7131700860357397,16.00444444444441,0.9668935124981954,0.6946784562187112,3.2,9.6,4500,41.42678183403396,11.050210472915257,2.4556023273145016
21_03_16,Brad Marchand,W,BOS,PIT,1.4592031129666478,1.6051234242633126,7.441935876129905,1.1673624903733182,0.7631632280815569,18.509999999999923,0.7861380310926878,0.6294732733881362,2.7,16.5,7600,35.60573277595173,10.984368561381064,1.4453116528132979
21_03_16,Jamie Benn,W,DAL,TBL,0.5771543086172346,1.731462925851704,8.368737474949903,2.741482965931864,0.767615230460922,16.974999999999994,0.6561954235499725,0.7559498522064828,2.5,10.5,6500,38.76472304282511,10.9671862275326,1.6872594196204
21_03_16,Conor Garland,W,ARI,MIN,0.8414491624464351,1.5426567978184642,8.554733151538755,1.4024152707440585,0.8484612388001551,17.31388888888889,0.743163689419104,0.7195663460137607,2.3,10.4,5100,37.74150257194241,10.89086970050542,2.1354646471579253
21_03_16,Kirill Kaprizov,W,MIN,ARI,1.1470018195274154,1.9811550902421715,7.54875022791099,1.1443083448332312,0.8555551856593229,17.318948614805755,0.4471436130601501,0.6883791407310226,3.2,12.7,6300,37.103505096005584,10.709894969781738,1.6999833285367836
21_03_16,Joel Eriksson Ek,C,MIN,ARI,1.6081871345029322,0.7309941520467874,8.625730994152093,1.75438596491229,1.0555555555555611,17.374444444444382,0.7957007777382847,0.0,3.2,8.6,5000,36.842606407032726,10.668663636792013,2.133732727358403
21_03_16,Anthony Beauvillier,W,NYI,WSH,0.2825856587778159,0.7064641469445395,8.336276933945568,0.9890498057223556,0.7884139879901062,16.6594444444445,0.6564688539390207,0.7280721760346364,2.8,9.3,4300,38.42062711043607,10.667771714450465,2.480877142895457
21_03_16,Samuel Girard,D,COL,ANA,0.4064696417986288,0.7113218731476005,4.267931238885603,2.642052671691088,0.1818951647048864,23.543888888888848,0.2531903634202359,0.9078709617864208,3.4,13.5,4900,27.169183379420225,10.661137244781923,2.1757422948534537
21_03_16,Taylor Hall,W,BUF,NJD,0.2498351781810614,1.2491758909053072,7.994725701793967,0.9993407127242458,0.8356986710156507,19.180555555555536,0.5773150264984748,0.5455571782123764,2.4,10.3,6400,33.326979868213535,10.653833147685843,1.664661429325913
21_03_16,Devon Toews,D,COL,ANA,0.2040932025625027,1.1225126140937651,5.000283462781317,3.877770848687552,0.1836838823062524,23.627222222222304,0.2460026256437875,0.6427602349966721,3.4,12.7,4700,26.741195738581027,10.530336236723299,2.2404970716432553
21_03_16,Brock Nelson,C,NYI,WSH,1.106075735463553,0.6912973346647207,6.912973346647206,1.5208541362623853,0.9111298870881016,17.8,0.595110904390023,0.637620983776502,2.8,11.1,5800,34.75335564312134,10.310162174125997,1.7776141679527582
21_03_16,Denis Gurianov,W,DAL,TBL,0.6117247238742543,0.9175870858113816,8.56414613423956,1.070518266779945,0.9267629566694952,16.410555555555597,0.5766215604456859,0.7029006101369584,2.5,9.2,4700,37.56623419244827,10.27471288713641,2.1861091249226403
21_03_16,Jakob Chychrun,D,ARI,MIN,0.6250180850140343,0.6250180850140343,5.8335021267976535,4.062617552591224,0.2750079574061751,23.029999999999976,0.1889256641917878,0.7517900692103593,2.3,11.5,4400,26.75780174222485,10.270536235390628,2.334212780770597
21_03_16,Anthony Cirelli,W,TBL,DAL,0.8702659145850222,1.1603545527800294,5.656728444802644,3.045930701047577,0.6120870265914654,18.09444444444428,0.7607332524110815,0.6602008436235941,3.0,9.7,5600,33.617881570447345,10.138281506939446,1.8104074119534723
21_03_16,Clayton Keller,W,ARI,MIN,0.7051357386296861,1.5512986249853091,7.897520272652485,1.1282171818074975,0.7460336114702079,16.908333333333328,0.7943775030840777,0.7537088884570764,2.3,9.2,6400,35.94641850596759,10.129900437306699,1.5827969433291718
21_03_16,Jean-Gabriel Pageau,C,NYI,WSH,0.583823231299413,0.7297790391242661,6.130143928643837,3.794851003446185,0.7618893168457339,17.06944444444442,0.660568614258106,0.7369137330827605,2.8,7.7,4500,35.507194385283476,10.101468032294752,2.244770673843278
21_03_16,Jonas Brodin,D,MIN,ARI,0.4357430326504709,1.0893575816261774,5.011044875480416,5.011044875480416,0.1819227161315716,22.6055555555554,0.3330197554092192,0.7441044890404559,3.2,12.2,4400,26.70828486553798,10.062593622025306,2.286953095914842
21_03_16,Craig Smith,W,BOS,PIT,0.6232147494157328,0.7790184367696661,10.750454427421392,1.090625811477533,0.797714879252138,14.56388888888896,0.4990527251271731,0.561607976115478,2.7,9.6,3700,41.11222464624268,9.97923119538201,2.6970895122654084
21_03_16,Mikhail Sergachev,D,TBL,DAL,0.2257619465696723,1.354571679418034,5.192524771102464,3.83795309168443,0.2539821898908814,22.13222222222225,0.2052930858976819,0.6441629046128846,3.0,10.8,4700,26.963266676684704,9.945950165423765,2.1161596096646305
21_03_16,Evgeni Malkin,C,PIT,BOS,0.7991416626586231,1.864663879536787,5.860372192829901,1.5982833253172462,0.3995708313293115,18.678888888888952,0.5717623009239137,0.8993850496646587,2.8,13.1,7700,31.56741478053258,9.827403886583982,1.2762862190368809
21_03_16,Brett Pesce,D,CAR,DET,0.2222085056477993,0.8888340225911974,5.110795629899385,4.110857354484288,0.2399851860996233,22.175000000000004,0.1883013331632323,0.4864329583704543,3.3,10.5,4000,26.583195052153233,9.824705838024967,2.4561764595062416
21_03_16,T.J. Oshie,W,WSH,NYI,0.2707988566270481,1.4893937114487648,6.228373702422108,2.1663908530163853,0.6336693245072926,18.08166666666676,0.6753207783030908,0.6850233269703407,2.7,11.1,5800,32.47144437729617,9.785630556924668,1.687177682228391
21_03_16,Miro Heiskanen,D,DAL,TBL,0.304474077415354,0.7104395139691594,4.567111161230311,1.9283358236305752,0.2009528910941336,24.31111111111107,0.2306409963063437,0.7588661967700926,2.5,11.1,4500,24.105637163672746,9.767247058169607,2.1704993462599127
21_03_16,Ryan Pulock,D,NYI,WSH,0.0,1.1845647621896471,5.384385282680214,4.199820520490568,0.1852228537241994,22.43277777777781,0.2578027093155099,0.7431576290235038,2.8,11.8,4800,26.06144490966052,9.743843370436885,2.029967368841018
21_03_16,Yanni Gourde,C,TBL,DAL,1.0321946424182844,1.1796510199066108,6.488080609486359,1.1796510199066108,0.8021626935364954,16.892222222222223,0.7990566884212571,0.5651630101510792,3.0,9.8,4000,34.43351361755287,9.694309398660302,2.4235773496650754
21_03_16,Rasmus Ristolainen,D,BUF,NJD,0.3177405119152686,0.3177405119152686,5.189761694616053,2.7537511032656616,0.2785525154457187,22.859444444444478,0.143493199365392,0.6422710091468011,2.4,9.3,3900,25.403379599903964,9.678452411085647,2.4816544643809353
21_03_16,Brandon Saad,W,COL,ANA,1.532306120711674,1.072614284498172,7.355069379416036,1.072614284498172,0.7477653869072967,15.052222222222202,0.7636184307757994,0.6077585176931306,3.4,8.6,5200,38.356413181369085,9.622487580889006,1.8504783809401935
21_03_16,Jordan Staal,C,CAR,DET,0.771935843554337,1.543871687108674,4.322840723904288,1.2350973496869393,0.521828630242732,17.523888888888862,0.7521407395410671,0.9783574483893668,3.3,11.1,5100,32.91107577785355,9.612167252415118,1.8847386769441408
21_03_16,Martin Necas,W,CAR,DET,0.4250295159386079,1.4167650531286928,6.3754427390791175,2.1251475796930395,0.5822904368358928,16.28222222222219,0.9338136345597756,0.4385042191377351,3.3,11.4,4500,34.78856637304848,9.44058614130836,2.097908031401858
21_03_16,Valeri Nichushkin,W,COL,ANA,0.8543763052971307,0.6835010442377046,8.54376305297131,2.392253654831966,0.7774824378203891,13.61722222222226,0.6199844447296785,0.5978528340554331,3.4,7.7,3700,41.548604724502354,9.429609725947039,2.5485431691748754
21_03_16,Christian Dvorak,C,ARI,MIN,0.4290481487366916,0.8580962974733832,5.291593834419197,2.431272842841252,0.8080406801207692,18.885555555555552,0.6587231074778537,0.733039865573556,2.3,9.7,4800,29.8714069383473,9.40230192094609,1.958812900197102
21_03_16,Joe Pavelski,C,DAL,TBL,0.5676666535262357,1.1353333070524714,5.392833208499239,2.2706666141049427,0.6017266527378098,18.798888888888868,0.5672540921334698,0.8112460447808535,2.5,11.5,7300,29.828808115785613,9.345807490944004,1.2802476014991786
21_03_16,Nick Schmaltz,C,ARI,MIN,1.00039698292973,0.857483128225483,7.002778880508109,2.2866216752679542,0.7402937673680003,16.898888888888948,0.7972474251351815,0.5947001073235931,2.3,9.5,4200,33.090297416710584,9.319820989088019,2.219004997401909
21_03_16,Sam Reinhart,W,BUF,NJD,0.7213946964130644,0.4809297976087096,6.372319818315402,1.3225569434239512,0.6203994389152353,19.73222222222224,0.4145080991449409,0.6532067942625841,2.4,11.2,5400,28.177859792091297,9.26686318606944,1.7160857751980445
21_03_16,Jeff Skinner,W,BUF,NJD,0.4603188134003937,0.1534396044667978,9.973574290341862,1.227516835734383,1.163072201858328,14.304999999999948,0.4516943239000606,0.4449162204934347,2.4,7.4,3700,38.53383980293346,9.187109639682685,2.4830026053196446
21_03_16,Ryan Suter,D,MIN,ARI,0.114249444620755,1.0282450015867952,3.884481117105671,3.770231672484917,0.137099333544906,22.885555555555595,0.3894862604540007,0.7008423328243873,3.2,9.8,3800,23.817424499289444,9.084583192812325,2.3906797875821906
21_03_16,Jaccob Slavin,D,CAR,DET,0.2006241640659828,0.8024966562639313,4.814979937583589,4.012483281319657,0.244761480160499,23.53888888888891,0.3224969136779447,0.0,3.3,9.1,3900,23.13200070358215,9.075026572322004,2.3269298903389752
21_03_16,Nick Bjugstad,C,MIN,ARI,0.7490247074122217,1.310793237971388,9.362808842652772,2.8088426527958315,0.8782314694408299,11.712777777777807,0.8843628207956504,0.677040998840269,3.2,7.8,3400,46.38788480210767,9.05551643780406,2.6633871875894295
21_03_16,Nicklas Backstrom,C,WSH,NYI,1.153681811707728,1.6664292835778294,4.999287850733489,1.6664292835778294,0.4768551488391941,18.642222222222312,0.75372786613714,0.7372947188597069,2.7,11.3,6600,29.09666351931282,9.040441120870979,1.3697638061925725
21_03_16,Josh Bailey,W,NYI,WSH,0.4244448811161336,0.9903713892709786,5.093338573393603,1.6977795244645344,0.4018078207899397,17.372777777777753,0.849771937539104,0.8073950058758893,2.8,9.5,4700,30.842245606915753,8.930257984943157,1.9000548904134378
21_03_16,Jakub Vrana,W,WSH,NYI,1.6119643576769802,1.4507679219092822,8.86580396722339,0.6447857430707921,0.7044284243048404,14.613333333333332,0.5000529851038145,0.6614369603711581,2.7,10.0,5100,36.50569712426015,8.891165344042028,1.743365753733731
21_03_16,Phil Kessel,W,ARI,MIN,1.0223123732251531,1.0223123732251531,6.572008113590269,0.8762677484787027,0.6046247464503048,16.763333333333318,0.760431074313086,0.800845176797044,2.3,8.9,6000,31.777460185097063,8.878269292825166,1.4797115488041945
21_03_16,Jakob Silfverberg,W,ANA,COL,0.5890775209654315,0.5890775209654315,6.92166087134382,1.9145019431376529,0.6038044589895674,17.230555555555586,0.753997132708476,0.6476982153540889,2.1,7.9,5100,30.904557355185283,8.875044873806235,1.740204877216909
21_03_16,Andre Burakovsky,W,COL,ANA,0.7553820974442886,1.2086113559108618,5.287674682110021,1.5107641948885773,0.500062948508119,15.701111111111146,0.8874696499753882,0.6903259971595231,3.4,10.5,4900,33.850475604363595,8.858167977134501,1.8077893830886738
21_03_16,Ryan Graves,D,COL,ANA,0.0,0.605917797152186,6.665095768674045,4.847342377217488,0.2460026256437875,20.027777777777786,0.1836838823062524,0.0,3.4,11.2,4000,26.51822126338095,8.851684042082256,2.212921010520564
21_03_16,Tyler Pitlick,W,ARI,MIN,0.8000711174326592,0.4800426704595955,6.240554715974742,4.320384034136359,0.7936705484931981,16.778888888888908,0.5931836968188069,0.5680117167609943,2.3,8.6,4100,31.63627789301838,8.847026527082798,2.157811348068975
21_03_16,Alexander Radulov,W,DAL,TBL,0.593863411415376,0.890795117123064,6.532497525569136,2.078521939953816,0.7393599472121432,16.506111111111082,0.4425087638085313,0.7653682799560757,2.5,11.9,5600,31.94508156118414,8.788151095040186,1.5693126955428904
21_03_16,Esa Lindell,D,DAL,TBL,0.2171094291831252,0.3256641437746878,4.993516871211881,3.799415010704692,0.1834574676597408,23.08111111111116,0.1482051889586545,0.4425087638085313,2.5,8.8,3700,22.52287783107886,8.66421742935189,2.3416803863113214
21_03_16,Oliver Ekman-Larsson,D,ARI,MIN,0.1166029668977134,1.282632635874848,5.130530543499392,2.098853404158842,0.2541944678370153,21.14333333333331,0.1460927473899627,0.6432313273383955,2.3,8.7,4700,24.565887752851452,8.656745889796477,1.8418608276162718
21_03_16,Filip Hronek,D,DET,CAR,0.0,1.1559343802907345,5.044077295814114,2.6271235915698514,0.1691867592970984,23.70055555555557,0.204103482555917,0.5215705755452564,2.2,9.3,3800,21.87306506677845,8.640063229757741,2.273700849936248
21_03_16,Mats Zuccarello,W,MIN,ARI,0.7576395319471355,2.5759744086202607,5.000420910851096,2.12139068945198,0.4985268120212152,15.658888888888862,0.625657799879204,0.8668933275500763,3.2,12.7,5400,32.632762050035375,8.516546584650884,1.5771382564168304
21_03_16,Erik Cernak,D,TBL,DAL,0.1272534464475073,1.1452810180275657,6.489925768822872,2.417815482502639,0.3703075291622462,18.530000000000072,0.2970368585882925,0.0,3.0,7.9,3900,27.056548059531156,8.355963925718571,2.1425548527483516
21_03_16,Blake Coleman,W,TBL,DAL,0.8033920999776819,1.1247489399687547,8.515956259763428,1.285427359964291,0.9110466413746914,15.258888888888912,0.5777110461511188,0.0,3.0,1.7,3800,32.59094965559436,8.288361326301445,2.1811477174477485
21_03_16,Anthony Mantha,W,DET,CAR,0.7990825348673704,1.3318042247789506,6.392660278938963,1.5981650697347407,0.5300580814620224,18.02444444444452,0.5952290847736685,0.5895072066167107,2.2,9.9,4700,27.545071993752437,8.27474366449359,1.7605837584028916
21_03_16,Ryan McDonagh,D,TBL,DAL,0.2168152252469288,0.6504456757407865,4.553119730185505,5.203565405926292,0.2970368585882925,21.89722222222218,0.3703075291622462,0.0,3.0,8.9,4000,22.617676090535653,8.254404658411676,2.063601164602919
21_03_16,Adam Henrique,C,ANA,COL,1.0698819733378575,0.4585208457162247,5.807930712405512,3.3624862019189803,0.5930202937929839,16.598333333333393,0.7593892153067678,0.6512929370862834,2.1,10.0,4000,29.494836604858563,8.15941882632743,2.0398547065818575
21_03_16,Nick Ritchie,W,BOS,PIT,0.470998691670298,0.470998691670298,7.535979066724768,1.0989969472306953,0.712778020061051,15.283333333333417,0.3398726445737313,0.6040764057110215,2.7,8.5,4200,31.89143417389556,8.123456982628442,1.9341564244353433
21_03_16,Evgeny Kuznetsov,C,WSH,NYI,0.4130808950086049,1.6523235800344198,6.333907056798608,1.5146299483648844,0.4970740103270212,16.480000000000036,0.603730192092724,0.5725917208843206,2.7,10.0,6400,29.529134191403507,8.110668857905514,1.2672920090477366
21_03_16,Matt Grzelcyk,D,BOS,PIT,0.1294358753101069,0.906051127170748,6.083486139575023,4.0125121346133135,0.1980368892244635,17.92944444444443,0.3352926143623806,0.6628957620614913,2.7,9.9,3900,26.59886666728228,7.948381703270374,2.0380465905821468
21_03_16,Tyler Johnson,C,TBL,DAL,0.8385744234800854,1.1740041928721197,6.540880503144667,1.341719077568137,0.5182389937106928,13.919999999999977,0.7741148699831182,0.7071248600639803,3.0,7.3,4300,34.230107590937415,7.941384961097468,1.8468337118831322
21_03_16,Brady Skjei,D,CAR,DET,0.0,0.2296357721502832,5.281622759456515,3.100082924028825,0.1883013331632323,20.68833333333337,0.2399851860996233,0.0,3.3,9.0,3500,22.92769189408599,7.905595541146941,2.2587415831848405
21_03_16,Robby Fabbri,W,DET,CAR,0.9400880399910504,0.8057897485637575,6.44631798851006,1.342982914272929,0.5358501827948986,17.281666666666613,0.5923330341072304,0.5866111559502727,2.2,8.2,4400,27.42652222628422,7.89960024900945,1.7953636929566932
21_03_16,Rasmus Dahlin,D,BUF,NJD,0.0,0.5672149744753251,4.651162790697666,2.94951786727169,0.1690300623936469,20.87611111111113,0.1090146750524111,0.6422710091468011,2.4,9.7,4200,22.636828959407318,7.876149275996754,1.8752736371420844
21_03_16,Charlie Coyle,C,BOS,PIT,0.5926901547579853,0.7408626934474815,5.334211392821867,1.3335528482054668,0.4104379321699049,17.17555555555555,0.4910426885193044,0.7552464496565945,2.7,8.9,4000,27.448093702215502,7.8572709712749464,1.9643177428187368
21_03_16,Filip Zadina,W,DET,CAR,0.4292698437934761,1.0016296355181111,6.582137604833301,2.0032592710362223,0.5451727016177148,16.108333333333242,0.8057262294480527,0.5137032001877703,2.2,8.9,3800,29.229968689584112,7.847434649578578,2.0651143814680473
21_03_16,Nick Leddy,D,NYI,WSH,0.0,1.180363051059646,3.4337834212644256,3.0045604936063723,0.1513010819994637,21.318333333333303,0.1706986646022844,0.705998209604402,2.8,8.1,4400,22.043396395036787,7.832141202469866,1.7800320914704242
21_03_16,John Klingberg,D,DAL,TBL,0.4264897523990059,0.5331121904987574,4.37151996208981,2.87880582869329,0.1482051889586545,22.44055555555551,0.1834574676597408,0.4425087638085313,2.5,11.0,5900,20.895892818120785,7.815257394466214,1.324619897367155
21_03_16,Kevin Shattenkirk,D,ANA,COL,0.1065561639780966,0.8524493118247733,4.47535888708006,3.729465739233384,0.1704898623649547,21.870000000000022,0.1376175580190275,0.6367247762629585,2.1,3.4,4000,21.355666452311326,7.784140421867487,1.9460351054668716
21_03_16,Jake DeBrusk,W,BOS,PIT,0.3030940854556948,0.6061881709113897,9.244369606398692,1.363923384550627,0.6819616922753133,14.887777777777725,0.5569293186155855,0.0,2.7,9.4,4400,31.32970218715581,7.773827400105541,1.7667789545694412
21_03_16,Victor Olofsson,W,BUF,NJD,0.4153366919201625,0.830673383840325,5.676268122908888,0.6922278198669374,0.4707149175095174,17.70944444444446,0.4893503598477999,0.728049054965443,2.4,10.8,5700,26.263165490118865,7.751767836375183,1.359959269539506
21_03_16,Ryan Getzlaf,C,ANA,COL,0.0,1.092771770062604,5.327262379055195,4.097894137734765,0.529994308480363,17.185000000000024,0.6670317634173019,0.5684728711264838,2.1,8.9,4700,27.01735674057717,7.738221259780322,1.646430055272409
21_03_16,Kasperi Kapanen,W,PIT,BOS,0.862103372580324,1.724206745160648,6.753143085212537,0.862103372580324,0.5230093793653965,15.825555555555535,0.5100430269058712,0.4986158003385117,2.8,7.8,5100,29.15658457702284,7.690319150565477,1.5079057157971523
21_03_16,Vladislav Namestnikov,C,DET,CAR,0.8965631744977617,0.8965631744977617,7.620786983230973,2.5402623277436573,0.9682882284575826,16.26722222222218,0.5941684660281188,0.0,2.2,7.9,4000,27.96510279543552,7.581909027343938,1.8954772568359846
21_03_16,Cam Fowler,D,ANA,COL,0.2190580503833516,0.8762322015334064,3.833515881708653,2.190580503833516,0.208105147864184,22.054999999999986,0.1495327102803744,0.5556466835777769,2.1,4.7,4400,20.44049119219536,7.513583887397806,1.7076327016813195
21_03_16,David Krejci,C,BOS,PIT,0.0,1.1141630237146538,4.456652094858615,1.5319741576076489,0.3161437579790329,16.723888888888844,0.7398382857637257,0.7784797634223107,2.7,10.4,5300,26.937351907589168,7.50828800439032,1.4166581140359096
21_03_16,Adam Pelech,D,NYI,WSH,0.2148355910962582,0.5370889777406453,4.618965208569551,3.3299516619920024,0.2578027093155099,20.862222222222236,0.1852228537241994,0.0,2.8,8.2,3600,21.39619499071349,7.4395362434377175,2.066537845399366
21_03_16,Sam Gagner,W,DET,CAR,0.6878761822871904,0.8598452278589879,7.394668959587296,0.8598452278589879,0.6431642304385229,14.378333333333291,0.7567304650376487,0.5329541321284605,2.2,7.1,4600,30.65490290125429,7.346106870253333,1.5969797544028985
21_03_16,Justin Schultz,D,WSH,NYI,0.3627813234800132,0.6046355391333552,4.474302989586829,3.7487403426268022,0.1959019146792071,18.8238888888889,0.1820951916631116,0.5474191506985542,2.7,6.1,4100,23.196946721010654,7.27761246062967,1.7750274294218706
21_03_16,Carl Hagelin,W,WSH,NYI,0.5285308799060412,0.8808847998434017,8.280317118527979,1.0570617598120824,0.8386023294509186,14.237777777777728,0.6794560183171672,0.0,2.7,1.4,3600,30.561624725995998,7.252160356276136,2.0144889878544823
21_03_16,Tyson Jost,C,COL,ANA,0.1731268635183225,0.346253727036645,6.9250745407329,1.038761181109935,0.6942387227084732,14.560000000000008,0.6616063022856364,0.0,3.4,4.8,3300,29.68211502751037,7.202859913342521,2.1826848222250064
21_03_16,Oliver Wahlstrom,W,NYI,WSH,0.8422530268468162,0.210563256711704,8.001403755044754,2.9478855939638566,0.6990700122828575,10.9311111111111,0.6919782665395442,0.7083076087115834,2.8,8.6,3800,38.8845572548368,7.084190264316372,1.8642605958727294
21_03_16,Evan Rodrigues,W,PIT,BOS,1.0117096018735288,0.5058548009367644,7.587822014051466,1.854800936768136,0.620515222482431,13.237777777777865,0.461290105347354,0.4498628787799945,2.8,7.1,3100,31.887485663548254,7.035324151768822,2.269459403796394
21_03_16,Brandon Montour,D,BUF,NJD,0.1043750543620076,0.4175002174480307,4.696877446290345,3.757501957032275,0.2400626250326176,21.131111111111075,0.268276694842159,0.0,2.4,7.4,3700,19.908678378572503,7.011541581549837,1.8950112382567128
21_03_16,Joonas Donskoi,W,COL,ANA,1.0914603335017674,1.0914603335017674,4.36584133400707,2.5467407781707907,0.5457301667508837,13.26444444444445,0.7358605802644311,0.6751035910786016,3.4,7.6,3300,31.53700490491569,6.972014158423772,2.1127315631587185
21_03_16,Sean Kuraly,W,BOS,PIT,0.5088339222614866,0.1696113074204955,8.65017667844527,2.5441696113074324,0.5173144876325114,13.780555555555503,0.6108415854084348,0.0,2.7,5.2,3100,30.295450381818462,6.958135617787075,2.2445598767055084
21_03_16,Jordan Greenway,W,MIN,ARI,0.7440783762556316,2.083419453515768,6.101442685296179,1.041709726757884,0.5163903931214083,15.918888888888906,0.7597776386813001,0.0,3.2,9.3,4300,26.217110213315046,6.955787741225279,1.617625056098902
21_03_16,Brock McGinn,W,CAR,DET,1.0921383375227462,0.9361185750194968,6.084770737626729,1.0921383375227462,0.6334402357631929,15.227777777777856,0.6827108579656385,0.0,3.3,6.5,3600,26.909380070265904,6.82950099746289,1.8970836104063584
21_03_16,Matt Irwin,D,BUF,NJD,0.0,0.4968086941521463,5.961704329825756,5.83750215628772,0.268276694842159,18.19444444444448,0.2400626250326176,0.0,2.4,4.6,3600,22.470005319804244,6.8138210576258365,1.8927280715627324
21_03_16,Matt Calvert,W,COL,ANA,0.171952617500956,0.343905235001912,6.534199465036327,1.7195261750095598,0.5536874283530782,13.884444444444402,0.7766854108298122,0.0,3.4,5.4,3300,29.294269172126754,6.77891088101657,2.05421541848987
21_03_16,Ryan Hartman,W,MIN,ARI,0.7513696843203757,1.6905817897208448,7.325854422123663,3.7568484216018776,0.525958779024263,12.72555555555556,0.7549934457298728,0.0,3.2,8.0,3200,31.790750136130903,6.742582616835322,2.107057067761038
21_03_16,Eric Staal,C,BUF,NJD,0.2854990285102506,0.856497085530752,5.567231055949888,0.856497085530752,0.3583012807803645,15.63833333333331,0.5455571782123764,0.7131731941860892,2.4,7.9,4200,25.682425541019775,6.693838856983006,1.5937711564245252
21_03_16,Nick Bonino,C,MIN,ARI,0.5494785041974057,0.5494785041974057,5.311625540574923,5.677944543373193,0.5403205291274491,14.613888888888882,0.5737027168065798,0.0,3.2,3.7,3600,27.333483341029073,6.6574748082015685,1.849298557833769
21_03_16,Jesper Fast,W,CAR,DET,0.4680390032502696,0.9360780065005392,3.2762730227518877,2.340195016251348,0.436836403033585,15.266666666666696,0.7946368531456405,0.511231236038889,3.3,8.2,3400,26.128338488370268,6.6482105709297805,1.9553560502734648
21_03_16,Pierre-Edouard Bellemare,C,COL,ANA,0.390117035110533,0.1950585175552665,7.022106631989593,3.120936280884264,0.7022106631989593,12.250000000000004,0.7024237934068718,0.0,3.4,4.8,3100,32.20238466947732,6.574653536684954,2.1208559795757917
21_03_16,Kieffer Bellows,W,NYI,WSH,1.184538011036787,0.4670919628199181,6.905777071501681,2.172817731176454,0.5761217042064667,10.596328995813812,0.8290953126542089,0.798836270629183,2.8,10.9,3000,36.64325962437353,6.471400574314712,2.1571335247715706
21_03_16,Haydn Fleury,D,CAR,DET,0.1430728876877831,0.4292186630633492,6.7244257213258045,4.864478181384625,0.1960098561322628,15.245000000000006,0.2163234221143418,0.0,3.3,5.7,3500,25.428767242828908,6.461025943615448,1.8460074124615566
21_03_16,Warren Foegele,W,CAR,DET,0.8326394671107401,0.9991673605328883,6.994171523730217,0.8326394671107401,0.9092422980849282,12.973333333333349,0.5448098268047707,0.0,3.3,4.9,3200,29.668218103537562,6.414928047720463,2.0046650149126446
21_03_16,Scott Mayfield,D,NYI,WSH,0.2322430810915434,0.6967292432746303,4.412618540739325,5.341590865105498,0.1706986646022844,19.59555555555549,0.1513010819994637,0.0,2.8,9.1,3500,19.56039271904391,6.388279370241801,1.825222677211943
21_03_16,Isac Lundestrom,C,ANA,COL,0.7727975270479114,0.6182380216383291,5.564142194744962,2.4729520865533163,0.4822256568778966,14.542777777777813,0.7009901943915191,0.592357196927717,2.1,1.5,3300,26.29966852173957,6.374503915681282,1.9316678532367522
21_03_16,Ben Hutton,D,ANA,COL,0.1202043473905637,0.7212260843433823,5.529399979965931,3.1253130321546565,0.2356005208855049,18.748333333333367,0.1183546904770798,0.0,2.1,1.4,3500,20.21581285969626,6.316879968297879,1.8048228480851085
21_03_16,Brandon Tanev,W,PIT,BOS,0.8365867261572759,1.0039040713887313,6.190741773563842,3.8482989403234695,0.649191299498046,14.63888888888893,0.4890723280470522,0.0,2.8,6.4,4000,25.860968255530416,6.309597347529892,1.577399336882473
21_03_16,Darren Helm,W,DET,CAR,0.1612180922525751,0.4836542767577254,8.383340797133908,1.128526645768026,0.7609493954321546,14.39166666666666,0.444405220086885,0.0,2.2,3.5,3800,26.117770990463185,6.264637569518042,1.6485888340836952
21_03_16,Jacob MacDonald,D,COL,ANA,0.1942712553781788,0.2514719636011925,5.761095576492988,2.9833025200838743,0.2531903634202359,14.924528979635957,0.1818951647048864,0.0,3.4,6.9,3500,25.1576970211158,6.2577796375423995,1.7879370392978284
21_03_16,Dmitry Orlov,D,WSH,NYI,0.4387835943689436,0.3290876957767077,4.168444146504964,2.9617892619903694,0.1820951916631116,19.532777777777778,0.1959019146792071,0.0,2.7,6.4,3700,19.0277821135525,6.194423993799929,1.6741686469729538
21_03_16,Alex Goligoski,D,ARI,MIN,0.0,0.2146882547633953,3.4350120762143246,4.079076840504509,0.1889256641917878,22.335000000000026,0.2750079574061751,0.0,2.3,8.8,3600,16.630607941012403,6.1907438060418745,1.719651057233854
21_03_16,Marcus Pettersson,D,PIT,BOS,0.2531378546566828,0.3797067819850243,3.797067819850243,3.923636747178585,0.125303238055058,17.729999999999936,0.1366311300639653,0.5067469933474733,2.8,6.5,3700,20.944590274562792,6.189126426133283,1.6727368719279143
21_03_16,Radek Faksa,C,DAL,TBL,0.3176283748014816,0.6352567496029633,6.034939121228151,2.0645844362096306,0.5113816834303855,16.76500000000003,0.5762802723077954,0.0,2.5,8.3,3500,22.064384174008616,6.1651566779542515,1.7614733365583575
21_03_16,Victor Rask,C,MIN,ARI,1.2422972639881595,1.0648262262755654,4.61424698052745,0.5324131131377827,0.3957604140990851,12.397777777777856,0.677040998840269,0.8533832921870385,3.2,7.3,4200,29.78266999545975,6.153982070543369,1.4652338263198499
21_03_16,Derick Brassard,C,ARI,MIN,0.3257034289333236,0.9771102867999708,4.559848005066531,0.3257034289333236,0.3957296661539882,14.827777777777692,0.7921541379884118,0.7669821579305992,2.3,6.3,3800,24.819566063564956,6.133650168856897,1.6141184654886571
21_03_16,David Backes,W,ANA,COL,0.4214716384709948,1.0536790961774871,10.536790961774871,4.2147163847099485,0.7270385763624663,10.583888888888882,0.5899900600842375,0.0,2.1,1.5,3000,34.66084336295439,6.114108582478182,2.038036194159394
21_03_16,Conor Sheary,W,WSH,NYI,1.152579582875958,1.152579582875958,5.598243688254653,1.6465422612513685,0.6421514818880336,12.736666666666697,0.6971710651224606,0.5000529851038145,2.7,1.8,3700,28.671023550355763,6.0862211658838685,1.6449246394280725
21_03_16,Karson Kuhlman,W,BOS,PIT,0.0165945266314738,0.895440232356487,8.89421107449851,1.0972082212316807,0.7366991118944667,12.065287944336236,0.5011492732774572,0.0,2.7,4.2,3000,30.15362598992011,6.063536335570115,2.0211787785233715
21_03_16,Jamie Oleksiak,D,DAL,TBL,0.3530219331219548,0.3530219331219548,4.236263197463457,2.8241754649756388,0.2306409963063437,18.81833333333339,0.2009528910941336,0.0,2.5,8.5,3600,19.318209303605833,6.058941701305947,1.683039361473874
21_03_16,Max Jones,W,ANA,COL,0.4802347814487073,0.0,5.92289563786739,0.9604695628974146,0.654720085375071,14.318888888888909,0.6147429801429318,0.5061099826791298,2.1,2.2,3300,25.334612238663148,6.046058294808378,1.8321388772146598
21_03_16,Jordan Oesterle,D,ARI,MIN,0.0,0.8906167167344059,2.9263120692701907,4.962007421805976,0.1463156034635095,18.963333333333328,0.1121452195984923,0.6432313273383955,2.3,8.7,3700,19.093207162260953,6.034514197005696,1.6309497829745125
21_03_16,Jake Bean,D,CAR,DET,0.0541274610491654,0.9913496748159968,5.085545990813309,1.9128501769221464,0.2163234221143418,13.833821580547156,0.1960098561322628,0.4864329583704543,3.3,6.0,3600,26.135070573959993,6.025798388586178,1.6738328857183828
21_03_16,Colin Miller,D,BUF,NJD,0.2395926924228815,0.1197963462114407,3.713686732554665,3.354297693920341,0.1090146750524111,18.07388888888885,0.1690300623936469,0.6244552158346579,2.4,6.5,3700,19.954711479171415,6.010987301406317,1.6245911625422478
21_03_16,Brian Dumoulin,D,PIT,BOS,0.0,0.6540895739333193,2.8343881537110502,2.725373224722164,0.1678829906428852,21.2888888888889,0.3155994843145694,0.0,2.8,7.5,3500,16.921084890623767,6.0038516019324355,1.715386171980696
21_03_16,Christian Djoos,D,DET,CAR,0.2852840954116815,0.4279261431175222,4.279261431175223,3.8513352880577,0.1754497186781841,16.99277777777774,0.1285456851097909,0.569690831565148,2.2,5.5,3700,21.02662840785763,5.955013732510554,1.6094631709487983
21_03_16,Logan O'Connor,W,COL,ANA,1.131861912846629,0.0,8.375778155065056,2.9428409734012364,0.8511601584606653,9.837222222222254,0.6279490457760187,0.0,3.4,5.2,3000,35.794376166113295,5.868620544197872,1.9562068480659571
21_03_16,Nic Dowd,C,WSH,NYI,1.1770200840728606,0.5044371788883689,5.044371788883689,3.194768799626336,0.7633815973843983,14.451666666666693,0.7170663843504275,0.0,2.7,1.7,3200,24.319526682024787,5.857628218328814,1.8305088182277542
21_03_16,Daniel Sprong,W,WSH,NYI,1.2257478794608607,0.6839423154926881,7.109943398080157,1.010287514763356,0.5030319598806077,11.323726941957542,0.6007512173159308,0.5696127461075274,2.7,6.2,3200,30.969352566624053,5.8448082005610456,1.8265025626753266
21_03_16,Barclay Goodrow,W,TBL,DAL,0.8450704225352058,0.8450704225352058,4.732394366197153,2.7042253521126582,0.6371830985915449,14.582222222222295,0.7146428175426921,0.0,3.0,4.3,3600,23.789183467706934,5.781652663521988,1.6060146287561077
21_03_16,Zdeno Chara,D,WSH,NYI,0.2489282256949239,0.8712487899322338,4.356243949661169,3.7339233854238594,0.1107730604342411,19.04888888888894,0.1182375083031956,0.0,2.7,1.2,3600,18.11027639013291,5.749677378378508,1.597132605105141
21_03_16,Jason Dickinson,W,DAL,TBL,0.5691924581999258,0.5691924581999258,4.553539665599407,3.6997509782995177,0.3856278904304497,16.340000000000078,0.8471890935652087,0.0,2.5,7.5,3800,21.101900298887422,5.7467508480637015,1.5123028547536057
21_03_16,Tage Thompson,W,BUF,NJD,0.457127656272834,0.5576649918604463,6.132279779763839,1.8958609822481616,0.677973666737247,11.52876896149358,0.6561775286376766,0.6066157322004617,2.4,6.7,3100,29.76713501309279,5.719640370192216,1.8450452807071662
21_03_16,Danton Heinen,W,ANA,COL,0.7735613906914774,0.618849112553182,6.343203403670115,2.630108728351023,0.7472603034079671,14.896666666666674,0.5684728711264838,0.0,2.1,1.4,3300,22.773409089630853,5.654131401197796,1.7133731518781201
21_03_16,Cody Ceci,D,PIT,BOS,0.2554097197587793,0.5108194395175587,3.83114579638169,4.852784675416808,0.185172046825115,17.985555555555585,0.0,0.0,2.8,6.2,3500,18.854566237511833,5.651830809011195,1.6148088025746272
21_03_16,Jan Rutta,D,TBL,DAL,0.0,0.8697753080454201,5.508576950954327,2.464363372795357,0.1870016912297654,15.17722222222225,0.265604871764843,0.0,3.0,4.4,3500,22.29504310893647,5.639613728639227,1.6113182081826363
21_03_16,Tobias Rieder,W,BUF,NJD,0.7546774278077659,0.0,7.735443635029601,3.773387139038829,0.6641161364708339,12.22055555555556,0.4778667138221314,0.0,2.4,4.4,3100,27.6033640667871,5.622140734973297,1.813593785475257
21_03_16,Casey Mittelstadt,C,BUF,NJD,0.1695873374788026,0.508762012436408,4.070096099491264,1.695873374788026,0.2984737139626927,13.337222222222143,0.8839935678478783,0.7331157164586465,2.4,5.9,3200,25.076226096952354,5.57411999916233,1.7419124997382283
21_03_16,Patrik Nemeth,D,DET,CAR,0.2402723086164316,0.2402723086164316,4.565173863712201,2.763131549088964,0.1285456851097909,19.31166666666669,0.1754497186781841,0.0,2.2,4.8,3500,17.120569600961066,5.510445554620447,1.574413015605842
21_03_16,Ian Cole,D,MIN,ARI,0.1409222578877321,0.4227667736631965,3.8049009629687687,6.200579347060215,0.2001096062005797,16.083333333333307,0.158997831847748,0.0,3.2,3.6,3600,20.378736259784727,5.462633469636731,1.517398186010203
21_03_16,Matt Martin,W,NYI,WSH,1.0034563496487927,0.8027650797190342,8.830415876909377,2.80967777901662,0.6803434050618814,10.198888888888863,0.5180471821583879,0.0,2.8,5.7,3000,31.852653142674612,5.414361170307584,1.8047870567691946
21_03_16,Marc Staal,D,DET,CAR,0.2501389660922731,0.2501389660922731,3.501945525291825,2.126181211784322,0.2526403557531959,18.364444444444477,0.1164211282788362,0.0,2.2,5.8,3500,17.50791900056715,5.358720097062488,1.5310628848749965
21_03_16,Greg Pateryn,D,COL,ANA,0.0,0.802675585284284,4.655518394648847,5.137123745819418,0.1492976588628768,14.821111111111064,0.1242750876683265,0.0,3.4,3.0,3500,21.557119902665463,5.325007821882476,1.521430806252136
21_03_16,Troy Terry,W,ANA,COL,0.657174151150051,0.9857612267250768,7.393209200438075,0.8214676889375638,0.6670317634173019,13.947222222222289,0.529994308480363,0.0,2.1,4.7,3100,22.903941693508564,5.3241060760697705,1.7174535729257323
21_03_16,Lawson Crouse,W,ARI,MIN,0.3354453969437188,0.1677226984718594,5.534849049571362,2.5158404770778917,0.7128214685054026,14.172222222222244,0.706332713285537,0.0,2.3,6.9,3100,22.475457046823557,5.308786196893239,1.712511676417174
21_03_16,Nico Sturm,W,MIN,ARI,0.656857751923356,0.8761989283252823,7.207850508505411,2.397329321997459,0.7647705362347346,10.675911123729197,0.4614777132529371,0.0,3.2,3.8,3100,29.60136177560242,5.267025124294769,1.699040362675732
21_03_16,Danny DeKeyser,D,DET,CAR,0.1300774066267895,0.7619212909507981,3.877940811666397,5.067251263394366,0.204103482555917,18.18224017936857,0.1691867592970984,0.0,2.2,6.3,3700,17.29097470293474,5.239810916402425,1.416165112541196
21_03_16,Nick Jensen,D,WSH,NYI,0.2657022658498778,1.594213595099267,3.852682854823229,3.985533987748168,0.1182375083031956,17.97055555555558,0.1107730604342411,0.0,2.7,1.3,3900,17.411892116323884,5.21502291006231,1.3371853615544387
21_03_16,Andrew Cogliano,W,DAL,TBL,0.7219492630101288,0.7219492630101288,6.858517998596224,1.804873157525322,0.6226812393462363,12.830555555555538,0.5206304943498701,0.0,2.5,4.7,3000,24.165540641608423,5.167621862203202,1.7225406207344005
21_03_16,Richard Panik,W,WSH,NYI,0.5126257831782799,1.1961268274159862,6.151509398139358,2.3922536548319724,0.6971710651224606,12.201666666666664,0.6421514818880336,0.0,2.7,1.3,3300,25.344076026955328,5.1539994609261095,1.5618180184624575
21_03_16,Zach Aston-Reese,W,PIT,BOS,0.97402597402597,0.3246753246753233,5.1948051948051726,2.272727272727263,0.571428571428569,14.221666666666716,0.5279536920817907,0.0,2.8,4.8,3200,21.724154348233235,5.149228029263189,1.6091337591447465
21_03_16,Brenden Dillon,D,WSH,NYI,0.1162190082644625,0.8135330578512376,3.137913223140488,3.2541322314049506,0.1069214876033055,19.21611111111115,0.3149117931014307,0.0,2.7,3.3,3900,16.04399690209516,5.138387118949727,1.3175351587050583
21_03_16,Blake Comeau,W,DAL,TBL,0.1513940872198156,0.6055763488792624,5.45018713991336,1.2111526977585247,0.5298793052693546,15.481111111111131,0.567031461388311,0.0,2.5,4.5,3300,19.875324809818117,5.128201862503633,1.5540005643950403
21_03_16,Casey Cizikas,C,NYI,WSH,0.6952155651040388,1.216627238932068,5.90933230338433,1.9118428040361068,0.4466760005793449,13.263888888888918,0.6348808843996561,0.0,2.8,6.0,3500,23.151660960981438,5.11801764299475,1.4622907551413573
21_03_16,Kyle Okposo,W,BUF,NJD,0.3194462930919757,0.7986157327299391,6.548649008385502,1.2777851723679028,0.552642087049118,13.54888888888882,0.5336037385329894,0.0,2.4,3.9,3300,22.050632998443966,4.979359607093044,1.5088968506342557
21_03_16,Trevor van Riemsdyk,D,WSH,NYI,0.2766464304925844,0.5532928609851688,4.288019672635058,3.0431107354184284,0.1009759471297933,16.66333333333333,0.0,0.0,2.7,1.0,3500,17.829893090016583,4.951757530944049,1.414787865984014
21_03_16,Jason Robertson,W,DAL,TBL,0.8416683484462713,1.7752231707152053,6.459091058573305,1.283614964259795,0.4425087638085313,12.806136299755645,0.7393599472121432,0.0,2.5,8.9,3700,23.154708744162612,4.942039269314837,1.3356862890040102
21_03_16,Garnet Hathaway,W,WSH,NYI,0.7397893655278712,1.294631389673775,5.548420241459033,2.4043154379655816,0.5955304392499362,12.092222222222212,0.8009919634176584,0.0,2.7,1.3,3000,24.38268283890811,4.914013654367348,1.6380045514557824
21_03_16,Carson Soucy,D,MIN,ARI,0.2890869669959056,1.1563478679836223,3.3245001204529148,5.203565405926301,0.158997831847748,15.468888888888843,0.2001096062005797,0.0,3.2,5.7,3600,18.883496835011012,4.868445239574492,1.3523458998818034
21_03_16,Jason Demers,D,ARI,MIN,0.0,0.8740591724185803,3.4962366896743213,2.996774305435133,0.1460927473899627,18.04888888888884,0.2541944678370153,0.0,2.3,4.8,3500,15.994951281326196,4.8115183076641115,1.3747195164754604
21_03_16,Colton Sceviour,W,PIT,BOS,0.4670169293636915,0.2335084646818457,7.472270869819065,4.670169293636916,0.6514886164623497,9.757222222222175,0.4574291101322869,0.0,2.8,3.3,3100,29.57861489280844,4.810085308911038,1.5516404222293672
21_03_16,Luke Glendening,W,DET,CAR,0.5135520684736101,1.0271041369472202,4.964336661911564,4.621968616262491,0.4604850213980038,14.3572222222222,0.5946374071039604,0.0,2.2,5.3,3600,20.068272177648737,4.802077387842365,1.3339103855117682
21_03_16,Vinni Lettieri,W,ANA,COL,0.4142180500696696,0.561990437500638,5.4050314287369945,1.4244437308339035,0.4351003806453147,11.013903746058483,0.7359591579428133,0.7039329081355065,2.1,1.0,3000,26.08150518833856,4.787653128278097,1.595884376092699
21_03_16,Morgan Geekie,C,CAR,DET,1.007583688250656,0.624274797410703,4.736711839867112,2.537442928763485,0.4401720352418852,10.456322766757436,0.4554357569935937,0.509563419934739,3.3,5.7,3000,27.431652155514236,4.780570149391237,1.5935233831304123
21_03_16,Drake Caggiula,W,ARI,MIN,0.5567871320307223,1.1135742640614446,6.681445584368666,1.299169974738352,0.7906377274836255,11.967777777777856,0.5947001073235931,0.0,2.3,4.6,3000,23.86407492333138,4.759999092577852,1.5866663641926173
21_03_16,Jon Merrill,D,DET,CAR,0.1175970992715517,0.5879854963577588,3.292718779603449,4.821481070133623,0.1164211282788362,19.174444444444383,0.2526403557531959,0.0,2.2,6.1,3500,14.823249173876729,4.737126129510924,1.3534646084316926
21_03_16,Jordan Martinook,W,CAR,DET,0.1908700493080957,1.33609034515667,4.771751232702393,1.1452202958485744,0.4561794178463486,12.064444444444463,0.7713412669240605,0.0,3.3,4.5,3200,23.22580881159457,4.6701080014128555,1.4594087504415174
21_03_16,Andrej Sekera,D,DAL,TBL,0.1512033264731823,0.3024066529463647,3.78008316182956,3.628879835356378,0.1527153597379142,16.257777777777783,0.1606909530574717,0.0,2.5,5.0,3500,17.230014712380722,4.668695838362126,1.333913096674893
21_03_16,Jani Hakanpaa,D,ANA,COL,0.1205908953873987,0.1205908953873987,3.1353632800723674,4.220681338558956,0.1495327102803744,18.882777777777715,0.208105147864184,0.0,2.1,3.4,3500,14.806380764720647,4.659759961223041,1.331359988920869
21_03_16,Jarred Tinordi,D,BOS,PIT,0.0,0.2746833511368841,3.296200213642609,3.982908591484819,0.0906455058751717,17.01333333333333,0.1609626915374968,0.0,2.7,5.3,3500,16.024115815497687,4.54372706235001,1.2982077321000027
21_03_16,Dryden Hunt,W,ARI,MIN,0.222806098272265,0.9931223270034428,8.104275795928151,2.1851997268890684,0.5489835048292243,10.71402921073687,0.4222144128776184,0.0,2.3,3.6,3000,25.393360624052022,4.534420124747813,1.5114733749159377
21_03_16,Connor Clifton,D,BOS,PIT,0.0,0.3836725993818595,2.813599062133636,4.348289459661074,0.141958861771288,16.775555555555613,0.0954477411993788,0.0,2.7,7.7,3500,16.1137689367328,4.505290433459123,1.287225838131178
21_03_16,Adam Erne,W,DET,CAR,0.3757240515576896,0.7514481031153792,4.884412670249966,1.6907582320096033,0.4283254187757662,11.695555555555552,0.6107172084150791,0.5526522944684199,2.2,4.4,3600,22.964545502470607,4.47638529553714,1.2434403598714276
21_03_16,Cal Foote,D,TBL,DAL,0.0707476582929,0.267156492136654,4.43971911310151,4.201481987978119,0.2052930858976819,12.766082097865258,0.2539821898908814,0.0,3.0,1.1,3500,20.854716772115694,4.437217107342608,1.2677763163836022
21_03_16,Trent Frederic,C,BOS,PIT,0.5864319805009404,0.2294413609259691,6.231169515368316,1.7591237847401828,0.4849840589224029,11.277863214586985,0.627006799763489,0.0,2.7,4.1,3000,23.487369385034924,4.414788986581698,1.4715963288605658
21_03_16,Jakub Zboril,D,BOS,PIT,0.0250031844054918,0.4560125210562321,2.84656167772995,2.6418335103130084,0.0954477411993788,17.178044164571034,0.141958861771288,0.0,2.7,6.0,3500,15.368498684579343,4.40001248578093,1.257146424508837
21_03_16,Andy Greene,D,NYI,WSH,0.0,0.2546779385235739,2.164762477450379,5.475575678256841,0.1107849032577547,17.703888888888976,0.0,0.0,2.8,6.1,3500,14.840447223668425,4.378893811820777,1.2511125176630793
21_03_16,Chad Ruhwedel,D,PIT,BOS,0.0,0.3070362473347536,3.684434968017044,3.070362473347536,0.1366311300639653,14.683333333333382,0.125303238055058,0.0,2.8,3.4,3500,17.779447608688486,4.351025928681835,1.2431502653376671
21_03_16,Teddy Blueger,C,PIT,BOS,0.3215146914352058,1.7683308028936322,3.5366616057872644,2.5721175314816467,0.4067160846655354,14.90611111111111,0.6103099354633075,0.0,2.8,5.5,3700,17.447427063510503,4.334554773528243,1.1715012901427684
21_03_16,Jacob Bryson,D,BUF,NJD,0.1915518902375204,0.2985141159465863,3.3779082865280032,3.224208153411057,0.143493199365392,16.01605142820504,0.2785525154457187,0.0,2.4,4.8,3500,16.08364926511684,4.2932758963887245,1.2266502561110642
21_03_16,Leo Komarov,W,NYI,WSH,0.570703868103995,0.3804692454026632,4.375396322130628,2.663284717818643,0.6220672162333544,11.748333333333331,0.7304796645642957,0.0,2.8,4.4,3200,21.87267050735192,4.282790400175657,1.3383720000548929
21_03_16,Mathieu Joseph,W,TBL,DAL,0.954552686005198,0.5727316116031188,5.727316116031187,1.909105372010396,0.4810945537466198,10.849999999999987,0.5933470664529926,0.0,3.0,0.9,3200,23.626035424681312,4.2723747392965326,1.3351171060301665
21_03_16,Anthony Angello,W,PIT,BOS,0.857270234590496,0.2924624182622306,6.313856922866857,2.8915471074634262,0.3767163781945924,8.422924817000244,0.5948152292661655,0.5717623009239137,2.8,3.1,3000,30.417589645768444,4.270084511677878,1.423361503892626
21_03_16,Dan Renouf,D,COL,ANA,0.087351705703287,0.8624325542962429,3.607814858977331,2.6035635223068843,0.1242750876683265,13.17861237634452,0.1492976588628768,0.0,3.4,3.7,3500,19.407087387920214,4.262641367320749,1.217897533520214
21_03_16,Nicolas Deslauriers,W,ANA,COL,1.1343346287154727,0.5671673143577364,6.616952000840257,2.079613485978366,0.7448797395231602,10.88722222222221,0.5810694785038906,0.0,2.1,1.3,3000,23.019679690022805,4.17700613782756,1.392335379275853
21_03_16,Steven Kampfer,D,BOS,PIT,0.074900183272539,0.2828372091220461,3.693860460137941,3.138756246490001,0.1609626915374968,13.961379505872834,0.0906455058751717,0.0,2.7,4.0,3500,17.885474958022776,4.16176505886235,1.1890757311035283
21_03_16,Cal Clutterbuck,W,NYI,WSH,0.545757744201325,0.9095962403355417,4.3660619536106,1.4553539845368664,0.5894183637374308,12.72999999999998,0.5635097028206132,0.0,2.8,4.2,3600,19.291098740343415,4.092928116076188,1.1369244766878301
21_03_16,Josh Mahura,D,ANA,COL,0.307091273347167,0.8155738809863309,3.845911811757119,3.3152632655212404,0.1376175580190275,15.303226999959431,0.1704898623649547,0.0,2.1,4.6,3500,15.768073716528903,4.02170685726893,1.149059102076837
21_03_16,Alexander Volkov,W,TBL,DAL,0.6801988226851351,0.4878162541430721,5.5381744979838,3.7214627914179705,0.5933470664529926,9.74505686405981,0.4810945537466198,0.0,3.0,3.3,3000,24.725067753681905,4.015786520456029,1.3385955068186763
21_03_16,Michael Rasmussen,W,DET,CAR,0.2818143486093084,0.9767500387550998,4.386389212978663,1.83464506053064,0.4581761950351063,11.498793757292908,0.4679959983683712,0.5427020357153065,2.2,6.0,3000,20.895897847193403,4.004626995305631,1.334875665101877
21_03_16,Joel Kiviranta,W,DAL,TBL,0.6157474903362374,0.8225507209476473,5.421004991972028,1.4806433330258209,0.6925964311863692,11.517300294844894,0.52181920290919,0.0,2.5,4.2,3800,20.759114062919416,3.984815841959676,1.0486357478841253
21_03_16,Mark Jankowski,C,PIT,BOS,0.4826384233811492,0.4826384233811492,6.032980292264366,1.4479152701434477,0.5381418420699814,10.49722222222224,0.5141024973284711,0.0,2.8,3.1,3000,22.72238480974771,3.975365379446145,1.3251217931487151
21_03_16,Jacob Larsson,D,ANA,COL,0.0,0.2689879329024541,2.958867261926996,4.16931295998804,0.1183546904770798,16.83833333333336,0.2356005208855049,0.0,2.1,1.1,3500,13.980780012303189,3.9235505684527596,1.1210144481293598
21_03_16,Curtis Lazar,C,BUF,NJD,0.7561436672967857,0.5671077504725894,3.9697542533081247,2.0793950850661607,0.6049149338374286,12.803888888888904,0.7307729579105103,0.0,2.4,4.4,3500,18.191049597576345,3.8819362969939126,1.109124656283975
21_03_16,Joel Hanley,D,DAL,TBL,0.0416517006090026,0.6922714527771192,4.33768338287208,4.019095659400011,0.1606909530574717,12.338189005108214,0.1527153597379142,0.0,2.5,3.9,3500,18.282479750125454,3.7595448439851906,1.0741556697100543
21_03_16,Steven Lorentz,C,CAR,DET,0.436048566486555,0.5188601242549111,4.754476082549129,1.918704594697995,0.4801099534736645,10.399115822689048,0.4354667978777041,0.0,3.3,4.1,3200,21.575151843287095,3.739375048507427,1.168554702658571
21_03_16,Luke Johnson,C,MIN,ARI,0.3811299944267275,0.5170982101732802,4.552207534827263,1.1414128746426897,0.3826348973784251,10.727421888500087,0.6525455326810918,0.0,3.2,2.3,3000,20.82505131260229,3.7233185213324544,1.241106173777485
21_03_16,Cedric Paquette,W,CAR,DET,0.6730649383023796,0.448709958868253,3.814034650380151,4.262744609248403,0.430761560513523,9.938333333333349,0.4601409943577749,0.0,3.3,2.2,3100,21.281828984392966,3.525098506498207,1.1371285504832926
21_03_16,Rasmus Asplund,W,BUF,NJD,0.4381427615164617,0.2190713807582308,5.914927280472235,0.8762855230329235,0.4030913405951448,10.65166666666665,0.6083791117599759,0.0,2.4,3.4,3100,19.70425384236568,3.498052397404413,1.1284039991627137
21_03_16,Riley Sheahan,C,BUF,NJD,0.7657130702967111,0.3828565351483555,3.6371370839093777,0.9571413378708888,0.4766563862597026,12.413333333333371,0.7568361688764489,0.0,2.4,5.1,3500,15.700252233299558,3.248207739822652,0.9280593542350434
21_03_16,Ilya Lyubushkin,D,ARI,MIN,0.0,0.2769017767864008,2.2152142142912066,5.122682870548416,0.1121452195984923,14.59277777777779,0.1463156034635095,0.0,2.3,3.1,3500,13.30849614283441,3.236798779479924,0.9247996512799783
21_03_16,Rhett Gardner,W,DAL,TBL,0.2652542292548577,0.5852419113577901,4.8902956536232285,1.470461202730578,0.4419117530805703,10.19800900414192,0.6471615419620895,0.0,2.5,3.4,3000,18.756817229881833,3.1880365166563203,1.06267883888544
21_03_16,Johan Larsson,C,ARI,MIN,0.7085568075579398,0.3542784037789699,3.8970624415686688,1.5942528170053645,0.4056487723269205,13.451666666666656,0.4938817791287703,0.0,2.3,4.0,3000,14.034030143917732,3.14635159143222,1.04878386381074
21_03_16,Christian Fischer,W,ARI,MIN,0.2003561887800531,0.2003561887800531,4.2074799643811165,2.203918076580585,0.4387800534283164,11.353888888888903,0.4773161385780724,0.0,2.3,3.0,3000,15.457256229484194,2.9249994959441565,0.9749998319813855
21_03_16,Mathias Brome,W,DET,CAR,0.2719086450311329,0.1350439506307079,3.747389646058375,1.1599571603941194,0.4679959983683712,12.968512956355612,0.4581761950351063,0.0,2.2,1.8,3100,12.889123746342158,2.785879471675151,0.8986707973145648
21_03_16,Anders Bjork,W,BOS,PIT,0.1937462999838545,0.5812388999515636,2.3249555998062545,2.1312092998224,0.2693073569775578,11.83944444444444,0.561607976115478,0.0,2.7,3.0,3100,12.29232612132246,2.4255718701065083,0.7824425387440349
